keyword,intent,language
"альтернатива скайпу для бизнеса","replace, business","ru"
"замена skype для офиса без установки","replace, business","ru"
"безопасные звонки для компаний шифрование","privacy, business","ru"
"видеозвонки при плохом интернете приложение","low-bandwidth, replace","ru"
"видеоконференции без регистрации для команды","replace, business","ru"
"как заменить skype на приватный мессенджер","replace, privacy","ru"
"видеозвонок без установки браузер","replace, low-bandwidth","ru"
"альтернатива скайпу для удаленной команды","replace, business","ru"
"видеозвонки с записью и расшифровкой","recording, business","ru"
"лучшее приложение для групповых звонков без регистрации","replace","ru"
"альтернатива skype с шифрованием end to end","privacy","ru"
"веб видеозвонки для бизнеса без плагинов","business, replace","ru"
"приложение для видеоконференций с низкой полосой пропускания","low-bandwidth","ru"
"видеозвонки для международных вызовов дешево","replace","ru"
"онлайн встречи с записью и стенограммой","recording, business","ru"
"видеосвязь без аккаунта для организации","privacy, business","ru"
"альтернатива skype для малого бизнеса без ежемесячной платы","replace, business","ru"
"приложение для звонков при 128 kbps","low-bandwidth","ru"
"видеоконференция через браузер без установки софта","replace","ru"
"безопасные корпоративные звонки на основе webrtc","privacy, business","ru"
"альтернатива skype для конференций с 50 участников","replace, business","ru"
"приложение для записи встреч и экспорт в текст","recording","ru"
"видео чат без регистрации и сбора данных","privacy","ru"
"замена skype для преподавателей онлайн","replace, business","ru"
"веб звонки с демонстрацией экрана без плагина","replace, business","ru"
"альтернатива skype работающая при слабом интернете мобильный","low-bandwidth","ru"
"корпоративный мессенджер с возможностью звонков без облака","privacy, business","ru"
"видеозвонки с end-to-end шифрованием для врачей","privacy, business","ru"
"онлайн встречи без установки и без регистрации","privacy, replace","ru"
"инструмент видеоконференций для команд с разницей часовых поясов","business","ru"
"видеозвонки с автоматической расшифровкой речи","recording","ru"
"альтернатива skype с локальным сервером для компании","privacy, business","ru"
"видеозвонок без регистрации ссылка в один клик","replace","ru"
"приложение для видеозвонков с минимальным потреблением трафика","low-bandwidth","ru"
"замена скайпу для онбординга новых сотрудников","business","ru"
"служба видеовстреч без стороннего облака","privacy, business","ru"
"видеоконференции с записью и безопасным хранением","recording, privacy","ru"
"лучший аналог skype для международных команд","replace, business","ru"
"веб приложение для видеозвонков без загрузки apk","replace","ru"
"видеозвонки при медленном интернете для обучения","low-bandwidth, business","ru"
"альтернатива skype для юридических консультаций с шифрованием","privacy, business","ru"
"видеоконференция с авто‑переводом и стенограммой","recording, business","ru"
"инструмент для внутренних звонков компании без внешних сервисов","privacy, business","ru"
"замена skype для удаленного обучения с записью","replace, recording","ru"
"видеочат через браузер для продавцов и клиентов","business, replace","ru"
"альтернатива skype с поддержкой SSO и корпоративных политик","business, privacy","ru"
"видео встречи при плохом мобильном интернете решение","low-bandwidth","ru"
"приложение для видеоконференций без логина для клиентов","privacy, business","ru"
"безопасные видеозвонки для банковских консультаций","privacy, business","ru"
"альтернатива skype с низкой задержкой для команд DevOps","replace, business","ru"
"видеозвонки с возможностью записи и скачивания mp4","recording","ru"
"веб звонки без установки расширений chrome","replace","ru"
"приложение для звонков с адаптивным bitrate","low-bandwidth","ru"
"скрипт для стартапа: заменить skype внутренними звонками","replace, business","ru"
"видеосвязь для call-центров без облачных провайдеров","business, privacy","ru"
"онлайн-платформа для видеозвонков с приватностью","privacy","ru"
"альтернатива скайпу с интеграцией calendar и slack","replace, business","ru"
"видеозвонки без аккаунта для поддержки клиентов","replace, business","ru"
"веб приложение для видеоконференций с записью и стенограммой","recording, business","ru"
"видеоконференция с оптимизацией под мобильные сети","low-bandwidth","ru"
"простое веб решение для удаленных интервью без загрузки","replace, business","ru"
"альтернатива skype без рекламы и сбора данных","privacy","ru"
"видео звонки с end-to-end шифрованием для стартапов","privacy, business","ru"
"видеозвонок для команд по всему миру с минимальным потреблением данных","low-bandwidth","ru"
"веб сервис для записи совещаний и расшифровки сразу","recording","ru"
"альтернатива skype для малого бизнеса с недорогим планом","replace, business","ru"
"видеоконференция без регистрации через ссылку и пароль","privacy, replace","ru"
"инструмент для видеосовещаний с поддержкой 4G и 3G сетей","low-bandwidth","ru"
"альтернатива Skype для техподдержки с записью разговоров","replace, recording","ru"
"видеозвонки с приватным хранением записей на сервере компании","privacy, recording","ru"
"веб звонки без установки плагина для клиентов банка","privacy, business","ru"
"альтернатива skype для онлайн-обучения с разделом записи","replace, recording","ru"
"видеоконференция с автоматическим шумоподавлением для слабого интернета","low-bandwidth","ru"
"простое приложение для видеозвонков без регистрации для мероприятий","replace, business","ru"
"альтернатива skype для бизнеса с SLA и поддержкой 24/7","business, replace","ru"
"видеозвонки с опцией локального хранения записей","privacy, recording","ru"
"веб видеозвонки с поддержкой многопоточной передачи при слабом соединении","low-bandwidth","ru"
"решение для корпоративных звонков без облака skype альтернативы","privacy, replace","ru"
"видеозвонки для телемедицины с шифрованием и записью","privacy, recording, business","ru"
"альтернатива skype с мгновенной расшифровкой речи на русском","recording","ru"
"веб платформа для видеоконференций без регистрации пользователей","privacy, replace","ru"
"видео звонки с адаптацией качества для 2G/3G сетей","low-bandwidth","ru"
"альтернатива скайпу для международных компаний с упором на приватность","replace, privacy","ru"
"видеоконференция с локальным хостингом и безопасным хранением","privacy, business","ru"
"приложение для записи вебинаров и автоматической расшифровки","recording, business","ru"
"видео встречи без установки и с минимальным трафиком для мобильных","low-bandwidth","ru"
"альтернатива skype для стартапов с интеграцией github и jira","replace, business","ru"
"веб звонки с функцией записи звонков и расшифровки речи","recording","ru"
"безопасные видеозвонки для HR-интервью без облачного хранения","privacy, business","ru"
"альтернатива skype с поддержкой webRTC и P2P","replace, privacy","ru"
"видео приложение для групповых звонков с экономным трафиком","low-bandwidth","ru"
"видеозвонки с возможностью создания временных комнат без регистрации","replace, privacy","ru"
"веб платформа для видеосовещаний с функцией стенограммы","recording, business","ru"
"альтернатива скайпу с фокусом на приватные разговоры","privacy","ru"
"веб звонки с автоматической адаптацией битрейта для слабого интернета","low-bandwidth","ru"
"видео чат для бизнеса без аккаунта и установки","replace, business","ru"
"видеозвонки для адвокатов с шифрованием и безопасной записью","privacy, recording, business","ru"
"онлайн совещания без регистрации для команд стартапа","replace, business","ru"
"веб звонки с записью и возможностью экспортировать субтитры","recording","ru"
"альтернатива skype для конференций с 100+ участников","replace, business","ru"
"видео платформа для обучения с записью и транскриптом","recording, business","ru"
"веб звонки с низким потреблением пакета данных для мобильных операторов","low-bandwidth","ru"
"альтернатива скайпу с GDPR‑совместным хранением данных","privacy, business","ru"
"видеоконференция без регистрации для клиентской поддержки","replace, business","ru"
"видео встречи с локальным сохранением и доступом по паролю","privacy, recording","ru"
"веб приложение для видеозвонков в браузере с минимальным плагином","replace","ru"
"альтернатива skype с повышенной приватностью для личных разговоров","privacy","ru"
"видеоконференции для команд с ограниченной полосой пропускания","low-bandwidth, business","ru"
"видео звонки без регистрации и с автоматической записью","recording, privacy","ru"
"веб звонки с оптимизацией под корпоративные VPN","business, privacy","ru"
"альтернатива skype с возможностью self-hosting","privacy, replace","ru"
"видеосвязь для обучения иностранным языкам с записью","recording, business","ru"
"веб звонки для стартапов с бесплатным trial и записью","business, replace","ru"
"безопасный браузерный видеочат для встреч с клиентами","privacy, business","ru"
"видео конференции с возможностью записи и просмотра позже","recording","ru"
"альтернатива скайпу с поддержкой многопользовательского экрана","replace, business","ru"
"видеозвонки для HR с сохранением записей на локальном сервере","privacy, recording, business","ru"
"видео звонки с автоматической оптимизацией под мобильный трафик","low-bandwidth","ru"
"веб звонки без установки с возможностью записи и поиска по тексту","recording, replace","ru"
"альтернатива skype с зашифрованными звонками и хранилищем в EU","privacy, business","ru"
"видео платформа для проведения интервью с записью и расшифровкой","recording, business","ru"
"веб звонки с оптимизацией для слабого 3G соединения","low-bandwidth","ru"
"альтернатива skype для международных команд с фокусом на приватность","replace, privacy","ru"
"видеоконференция с распределенным хранилищем записей","privacy, recording","ru"
"видео звонки с возможностью мгновенной расшифровки на русском","recording","ru"
"веб платформа для звонков без регистрации для обучения","business, replace","ru"
"видеозвонок без регистрации и без приложения для клиентов","replace, privacy","ru"
"видеоконференции для NGOs с минимальной ценой и записью","business, recording","ru"
"альтернатива skype с интеграцией CRM и записью разговоров","replace, business","ru"
"видео звонки с адаптивным качеством для LTE и 3G","low-bandwidth","ru"
"веб звонки без установки для медиа интервью","business, replace","ru"
"видео платформа для хостинга вебинаров с записью и транскриптом","recording, business","ru"
"альтернатива скайпу с поддержкой приватных комнат и шифрованием","privacy, replace","ru"
"видеозвонки с минимальным потреблением данных для удаленных работников","low-bandwidth, business","ru"
"веб звонки с записью и поиском по разговору для менеджеров","recording, business","ru"
"альтернатива skype для малого бизнеса с оплатой по использованию","replace, business","ru"
"видео чат без регистрации и с временным доступом по ссылке","privacy, replace","ru"
"веб звонки для образовательных курсов с записью и субтитрами","recording, business","ru"
"видеоконференции с функцией транскрипции и заметок","recording, business","ru"
"альтернатива skype с режимом низкой полосы для конференций","low-bandwidth, replace","ru"
"видео звонки с локальным хостингом и контролем данных","privacy, business","ru"
"веб платформа для звонков с аудио оптимизацией для слабого интернета","low-bandwidth","ru"
"видеозвонки с возможностью раздачи прав и записи для тренингов","recording, business","ru"
"альтернатива skype со встроенным переводчиком для международных команд","replace, business","ru"
"видео звонки с низким пингом и адаптацией качества","low-bandwidth","ru"
"веб звонки без регистрации для проведения митингов и презентаций","replace, business","ru"
"видеоконференции с записью, безопасным доступом и шифрованием","privacy, recording, business","ru"
"альтернатива skype для telehealth с защитой данных пациента","privacy, business","ru"
"видео платформа для проведения онлайн курсов с записью","recording, business","ru"
"веб звонки для конференций с оптимизацией под мобильные сети","low-bandwidth","ru"
"замена skype для корпоративных совещаний с внутренним хранилищем","replace, privacy","ru"
"видео звонки с возможностью экспортировать расшифровку в txt","recording","ru"
"веб приложение для видеозвонков с минимальным трафиком и latency","low-bandwidth","ru"
"альтернатива skype с акцентом на приватность и отсутствие рекламы","privacy, replace","ru"
"видеозвонки с записью и безопасным шифрованием для бизнеса","privacy, recording, business","ru"
"веб платформа для быстрых звонков без регистрации и установки","replace, privacy","ru"
"видео звонки с поддержкой субтитров и автоматической расшифровкой речи","recording","ru"
"видеоконференции с оптимизацией под 2G/3G и слабую сеть","low-bandwidth","ru"
"альтернатива скайпу с возможностью self-host и enterprise SLA","privacy, business","ru"
"видео чат для быстрых совещаний без аккаунтов и установки","replace, business","ru"
"веб звонки с сохранением записей на локальном сервере и доступом по паролю","privacy, recording","ru"
"видео платформа для удалённых мероприятий с записью и аналитикой","recording, business","ru"
"альтернатива skype для call-center с API и записью звонков","replace, business","ru"
"видео звонки с поддержкой низких bandwidth и adaptive codec","low-bandwidth","ru"
"веб платформа для видеоконференций с быстрым подключением и записью","replace, recording","ru"
"видео звонки для бизнеса с поддержкой SSO и корпоративных политик","business, privacy","ru"
"видеоконференция с возможностью записи и многопоточности при слабом интернете","low-bandwidth, recording","ru"
"видео платформа с шифрованием для корпоративных переговоров","privacy, business","ru"
"веб звонки без установки с поддержкой HD и записью","replace, recording","ru"
"альтернатива skype с возможностью контроля хранения и экспорта данных","privacy, business","ru"
"видеозвонки с автоматической стенограммой и таймкодами","recording","ru"
"веб звонки для международных команд с низким потреблением трафика","low-bandwidth, business","ru"
"простое и приватное веб-решение для видеозвонков без регистрации","privacy, replace","ru"
"видеоконференции с записью и защитой доступа через ключи","privacy, recording","ru"
"видео звонки с оптимизацией для слабых мобильных сетей и low data","low-bandwidth","ru"
"веб платформа для звонков для HR и рекрутинга с записью","recording, business","ru"
"альтернатива skype с поддержкой локального хранилища для записей","privacy, recording","ru"
"видеозвонки с подсветкой говорящего и записью для вебинаров","recording, business","ru"
"видео звонки без регистрации и загрузки с поддержкой стриминга","replace, business","ru"
"видеоконференция с записью, транскрипцией и поиском по словам","recording","ru"
"альтернатива skype с поддержкой многоплатформенности и шифрования","privacy, replace","ru"
"веб звонки с режимом экономии трафика для мобильных пользователей","low-bandwidth","ru"
"видео платформа для встреч с функцией записи и заметок","recording, business","ru"
"простой веб-видеочат без установки для конференций и интервью","replace, business","ru"
"альтернатива skype с фокусом на приватность для личного общения","privacy","ru"
"видео звонки для корпоративного использования с возможностью self-host","privacy, business","ru"
"веб звонки с адаптивным bitrate и минимальной задержкой","low-bandwidth","ru"
"видео чат для клиентов с записью и доступом по ссылке","recording, business","ru"
"альтернатива skype с поддержкой интеграции в crm и api","replace, business","ru"
"веб звонки с поддержкой слабых сетей и автоматическим снижением качества","low-bandwidth","ru"
"видео платформа для команд с записью совещаний и экспортом субтитров","recording, business","ru"
"альтернатива skype без установки и регистрации для быстрых звонков","replace, privacy","ru"
"видео звонки с end-to-end шифрованием для корпоративных переговоров","privacy, business","ru"
"веб приложение для видеоконференций с поддержкой малого трафика","low-bandwidth","ru"
"видеозвонки с записью и возможностью редактирования стенограммы","recording","ru"
"альтернатива skype для стартапов с бесплатным trial и интеграцией","replace, business","ru"
"веб звонки для консультаций с записью и безопасным хранилищем","recording, privacy","ru"
"видеоконференции с адаптивным качеством для мобильных операторов","low-bandwidth","ru"
"альтернативы skype для видеоконференций с приватностью и без рекламы","privacy, replace","ru"
"видео платформа для онлайн-курсов с записью и транскриптом","recording, business","ru"
"веб звонки с оптимизацией под низкую пропускную способность и latency","low-bandwidth","ru"
"видео звонки с возможностью приватного хранилища записей на сервере компании","privacy, recording","ru"
"веб платформа для звонков для команд с разницей в часовых поясах","business, replace","ru"
"видео звонки с записью и автоматическими субтитрами на русском","recording","ru"
"альтернатива skype для конференций с безопасными комнатами и шифрованием","privacy, replace","ru"
"веб звонки с поддержкой 2G/3G сетей и экономным режимом","low-bandwidth","ru"
"видео платформа с записью и интеграцией в workflow команды","recording, business","ru"
"альтернатива skype для разных платформ с поддержкой P2P звонков","replace, privacy","ru"
"веб звонки для удаленных команд с минимальной нагрузкой на сеть","low-bandwidth, business","ru"
"видео звонки с функцией записи и возможностью поиска по ключевым словам","recording","ru"
"альтернатива skype для корпоративного использования с self-host","privacy, business","ru"
"веб платформа для быстрых звонков без регистрации и установки","replace, privacy","ru"
"видео звонки с поддержкой слабых сетей и adaptive codecs","low-bandwidth","ru"
"альтернатива skype с фокусом на приватность и без рекламы","privacy, replace","ru"
"видео звонки с записью и инструментами для заметок и тегов","recording, business","ru"
"веб звонки для международных команд с минимальной полосой","low-bandwidth","ru"
"альтернатива skype для обучения с записью и транскриптом","recording, business","ru"
"видео платформа с приватным хранилищем и сохранением записей на сервере","privacy, recording","ru"
"веб звонки с режимом экономии данных для мобильных пользователей","low-bandwidth","ru"
"видео звонки с автоматической транскрипцией на нескольких языках","recording","ru"
"альтернатива skype с self-host и поддержкой enterprise SLA","privacy, business","ru"
"веб платформа для звонков без установки и регистраций","replace, privacy","ru"
"видеоконференции с записью и приватным доступом для команды","recording, business","ru"
"видео звонки с оптимизацией для слабых интернет-соединений","low-bandwidth","ru"
"альтернатива skype с поддержкой локального хранилища записей","privacy, recording","ru"
"веб звонки для бизнеса с поддержкой SSO и политикой безопасности","business, privacy","ru"
"видео платформа для митингов с записью и аналитикой участия","recording, business","ru"
"альтернатива skype для корпоративной связи с управлением доступом","privacy, business","ru"
"веб звонки с поддержкой низкой скорости интернета и adaptive bitrate","low-bandwidth","ru"
"видео звонки с возможностью записи и синхронной расшифровкой","recording","ru"
"альтернатива skype с безопасной передачей данных и хранилищем в EU","privacy, business","ru"
"веб звонки без регистрации для клиентов и партнеров","replace, privacy","ru"
"видео платформа для обучения с записью и экспортом в pdf","recording, business","ru"
"видеоконференция с поддержкой слабой сети и оптимизацией для mobile","low-bandwidth","ru"
"альтернатива skype с возможностью локального развертывания","privacy, business","ru"
"видео звонки с записью и быстрым поиском по стенограмме","recording","ru"
"веб звонки с минимальной нагрузкой на сеть для удаленной работы","low-bandwidth","ru"
"альтернатива skype с простым интерфейсом для немедленных звонков","replace, business","ru"
"видео платформа с записью и безопасным экспортом звонков","recording, privacy","ru"
"веб звонки с поддержкой слабых сетей и экономией трафика","low-bandwidth","ru"
"альтернатива skype без рекламы и сбора данных пользователей","privacy, replace","ru"
"видео звонки с поддержкой автоперевода и транскрипта","recording","ru"
"веб платформа для звонков для бизнеса с поддержкой LDAP и SSO","business, privacy","ru"
"видео звонки с адаптацией качества при низком bandwidth","low-bandwidth","ru"
"веб звонки с записью и политикой хранения данных внутри компании","privacy, recording","ru"
"альтернатива skype для онлайн обучения и митингов с записью","replace, recording","ru"
"веб звонки с поддержкой слабого интернета и экономией данных","low-bandwidth","ru"
"видео платформа для команд с возможностью записи и расшифровкой","recording, business","ru"
"альтернатива skype с privacy-first подходом","privacy, replace","ru"
"веб звонки с минимальным трафиком для мобильных пользователей","low-bandwidth","ru"
"видео звонки с записью и экспортом в srt для субтитров","recording","ru"
"альтернатива skype с on-premise установкой для корпоративных клиентов","privacy, business","ru"
"видеоконференции с поддержкой низкой пропускной способности","low-bandwidth","ru"
"видео звонки с записью и поиском по ключевым словам","recording","ru"
"веб звонки без регистрации с поддержкой высокого качества аудио","replace, privacy","ru"
"альтернатива skype со шифрованием и локальным управлением данными","privacy, business","ru"
"видео платформа для групповых звонков с экономией трафика","low-bandwidth","ru"
"видеозвонки с записью и стенограммой для деловых встреч","recording, business","ru"
"альтернатива skype для команд с ограничением хранения данных на облаке","privacy, replace","ru"
"веб звонки с адаптивным битрейтом для 3G/4G сетей","low-bandwidth","ru"
"видео чат с записью и приватным доступом для корпоративных нужд","recording, privacy","ru"
"альтернатива skype с акцентом на безопасность и отсутствие рекламы","privacy, replace","ru"
"видео звонки с поддержкой низкого latency и adaptive codec","low-bandwidth","ru"
"веб платформа для видеозвонков с записью и расшифровкой речи","recording","ru"
"видеоконференции с возможностью записи и безопасного хранения","privacy, recording","ru"
"веб звонки для бизнеса с минимальным потреблением трафика","low-bandwidth","ru"
"альтернатива skype с возможностью self-host и GDPR поддержкой","privacy, business","ru"
"видео звонки с записью и аналитикой участия для HR","recording, business","ru"
"веб звонки с оптимизацией под медленное соединение и low data","low-bandwidth","ru"
"видео платформа для проведения митингов с записью и таймкодами","recording, business","ru"
"альтернатива skype с поддержкой приватности и on-premise хранения","privacy, replace","ru"
"видео звонки с низким потреблением трафика для remote teams","low-bandwidth, business","ru"
"веб звонки без регистрации для клиентов и партнеров компании","replace, privacy","ru"
"видео звонки с записью и автоматическим резюме встречи","recording, business","ru"
"альтернатива skype с поддержкой локального шифрования файлов","privacy, business","ru"
"видео звонки с адаптивным качеством для мобильного интернета","low-bandwidth","ru"
"веб платформа для звонков с записью и экспортом субтитров","recording","ru"
"альтернатива skype со встроенной записью и расшифровкой","recording, replace","ru"
"видео звонки для бизнеса без облачной зависимости","privacy, business","ru"
"веб звонки с минимальным трафиком и низкой задержкой","low-bandwidth","ru"
"видео платформа с поддержкой записи, приватного хранения и экспорта","recording, privacy","ru"
"альтернатива skype с фокусом на конфиденциальность и безопасность","privacy, replace","ru"
"веб звонки для удаленных команд с адаптацией к плохому соединению","low-bandwidth, business","ru"
"видео звонки с записью и функцией поиска по тексту разговора","recording","ru"
"альтернатива skype для корпоративных совещаний с локальным хранилищем","privacy, business","ru"
"веб звонки без установки с поддержкой невысокого трафика","low-bandwidth","ru"
"видео платформа для митингов с записью и аналитикой","recording, business","ru"
"альтернатива skype с фокусом на privacy и enterprise features","privacy, business","ru"
"видео звонки для международных команд оптимизированные для 3G","low-bandwidth","ru"
"веб звонки с записью и возможностью пометок в стенограмме","recording","ru"
"альтернатива skype для команд с on-premise storage и шифрованием","privacy, business","ru"
"видео звонки с минимальной нагрузкой на сеть и adaptive bitrate","low-bandwidth","ru"
"видео платформы с функцией записи и экспортом стенограмм","recording","ru"
"альтернатива skype со встроенным безопасным хранилищем звонков","privacy, recording","ru"
"веб звонки без регистрации для конференций и презентаций","replace, business","ru"
"видео звонки для бизнеса с поддержкой слабой сети и экономией трафика","low-bandwidth, business","ru"
"веб платформа для звонков с автоматической расшифровкой и экспортом","recording","ru"
"альтернатива skype для малого бизнеса с защитой данных","privacy, business","ru"
"веб звонки с адаптацией к низкой полосе пропускания и малым packet loss","low-bandwidth","ru"
"видео звонки с записью, транскриптом и возможностью поиска","recording","ru"
"альтернатива skype с поддержкой self-host и enterprise SLA","privacy, business","ru"
"видео чат для клиентов с записью и приватным доступом","recording, business","ru"
"веб звонки с минимальным трафиком для мобильных операторов","low-bandwidth","ru"
"альтернатива skype для корпоративного общения с приватной инфраструктурой","privacy, business","ru"
"видео звонки с записью для compliance и audit требований","recording, business","ru"
"веб звонки с адаптацией к плохому интернету и экономией данных","low-bandwidth","ru"
"альтернатива skype с локальным контролем доступа и шифрованием","privacy, business","ru"
"видео звонки с поддержкой записи и субтитров на нескольких языках","recording","ru"
"веб звонки для конференций и митингов с низким потреблением данных","low-bandwidth, business","ru"
"альтернатива skype с фокусом на безопасность и управление данными внутри компании","privacy, business","ru"
"видео платформа с записью, транскриптами и поиском по содержанию","recording","ru"
"веб звонки без установки и без регистрации для быстрых звонков","replace, privacy","ru"
"видео звонки с адаптацией качества для сетей с высокой packet loss","low-bandwidth","ru"
"веб платформа для звонков с поддержкой записи и транскрипции","recording","ru"
"альтернатива skype с упором на приватность для корпоративных клиентов","privacy, business","ru"
"видео звонки с минимальным потреблением данных и надежным соединением","low-bandwidth","ru"
"веб звонки с записью совещаний и экспортом стенограмм в txt","recording","ru"
"альтернатива skype с поддержкой self-host и корпоративной политикой безопасности","privacy, business","ru"
"видео звонки с оптимизацией для узкополосных мобильных каналов","low-bandwidth","ru"
"видео платформа с записью и возможностью делиться сегментами звонка","recording","ru"
"веб звонки без установки с поддержкой HD и записью для бизнеса","replace, recording","ru"
"альтернатива skype с поддержкой корпоративного SSO и политик","privacy, business","ru"
"видео звонки с минимальным трафиком и повышенной надежностью","low-bandwidth","ru"
"веб платформа с функцией записи и расшифровки речи для митингов","recording","ru"
"альтернатива skype для бизнеса с возможностью self-hosting","privacy, business","ru"
"видео звонки с адаптацией качества для мобильных людей","low-bandwidth","ru"
"веб звонки с записью и быстрым экспортом субтитров","recording","ru"
"альтернатива skype с фокусом на приватность и отсутствием рекламы","privacy, replace","ru"
"видео звонки с записью и безопасной архивацией для audit целей","recording, business","ru"
"веб звонки с оптимизацией под низкую скорость интернета и высокой packet loss","low-bandwidth","ru"
"альтернатива skype с поддержкой корпоративных политик хранения данных","privacy, business","ru"
"видео платформа для звонков с записью и поиском по речи","recording","ru"
"веб звонки без регистрации и установки для быстрых консультаций","replace, privacy","ru"
